task_name,instance_id,instance_content,standard_output,nl_output,nl_score,spl_output,spl_score,risen_output,risen_score,rodes_output,rodes_score
task385_,1,"Context: Aubrey directed Lee's course, and Lee ended up being a very successful doctor. 
 Question: Why did Aubrey do this? 
 Options: (A) practice medicine (B) make sure Lee had a good career (C) make sure Lee lost their career",C,(C) make sure Lee lost their career,1,The incorrect answer option from the given choices is (C) make sure Lee lost their career.,1,The incorrect answer option is (C) make sure Lee lost their career.,1,Output: (C) make sure Lee lost their career,1
task385_,2,"Context: Austin took us to the city. It was in Austin. He was a Texan. 
 Question: How would you describe Austin? 
 Options: (A) very knowledgeable (B) helpful and proud (C) a Texan",A,(A) very knowledgeable,1,The incorrect answer option from the given choices based on the context passage and question is (A) very knowledgeable.,1,"The context passage describes Austin as a Texan and mentions that he took the group to the city, which is also named Austin. The question asks how to describe Austin, and the options provided are:

(A) very knowledgeable  
(B) helpful and proud  
(C) a Texan  

Option (C) ""a Texan"" is a correct description based on the context. 

Option (A) ""very knowledgeable"" and option (B) ""helpful and proud"" are not directly supported by the context passage, as it does not provide information about Austin's knowledge or pride. 

To select one incorrect answer option, I will choose:

(A) very knowledgeable",1,Output: (A) very knowledgeable,1
task385_,3,"Context: Cameron sold many of Sasha's coins at good prices to the people. 
 Question: Why did Cameron do this? 
 Options: (A) get the coins priced and appraised (B) wanted to get more money (C) pick up the coins from Sasha",C,(C) pick up the coins from Sasha,1,The incorrect answer option from the given choices is (C) pick up the coins from Sasha.,1,"The correct answer option is (B) wanted to get more money, as it aligns with the context of Cameron selling the coins at good prices. 

The incorrect answer options are (A) get the coins priced and appraised and (C) pick up the coins from Sasha. 

Among these, (C) pick up the coins from Sasha is an incorrect answer option because the context does not mention Cameron needing to pick up the coins; it focuses on the selling aspect.

Therefore, the incorrect answer option to return is:

(C) pick up the coins from Sasha",1,Output: (C) pick up the coins from Sasha,1
task385_,4,"Context: Aubrey made a picture of her friend's family and showed Remy's mom when it was done. 
 Question: How would Remy feel as a result? 
 Options: (A) would be mad at her mom (B) would be glad her mom saw the picture (C) would not want to see Aubrey",C,(A) would be mad at her mom,0,"To identify the incorrect answer option based on the context passage and question, let's analyze the provided information.

Context: Aubrey made a picture of her friend's family and showed Remy's mom when it was done.

Question: How would Remy feel as a result?

Options:
(A) would be mad at her mom
(B) would be glad her mom saw the picture
(C) would not want to see Aubrey

Now, let's evaluate the options:

- Option (A) suggests that Remy would be mad at her mom. There is no indication in the context that Remy would feel this way. In fact, showing the picture to Remy's mom could be seen as a positive action.
  
- Option (B) suggests that Remy would be glad her mom saw the picture. This is a reasonable response, as it implies that Remy would appreciate her mom's interest in her friend's artwork.

- Option (C) suggests that Remy would not want to see Aubrey. There is no context to support this feeling, as the act of showing the picture does not imply any negative feelings towards Aubrey.

Based on this analysis, the incorrect answer option is:

(A) would be mad at her mom.",0,"To determine which answer option is incorrect, let's analyze the context and the question.

The context states that Aubrey made a picture of her friend's family and showed it to Remy's mom. The question asks how Remy would feel as a result of this action.

Now, let's evaluate the answer options:

(A) would be mad at her mom - This option suggests that Remy would feel anger towards her mom for showing the picture. There is no indication in the context that this would be a reasonable reaction.

(B) would be glad her mom saw the picture - This option suggests a positive reaction from Remy, which is plausible since showing a picture of her family could be seen as a nice gesture.

(C) would not want to see Aubrey - This option suggests a negative reaction towards Aubrey, which is also not supported by the context.

Based on this analysis, option (A) is the most clearly incorrect answer, as there is no basis in the context for Remy being mad at her mom.

Therefore, the incorrect answer option is:

(A) would be mad at her mom",0,Output: (A) would be mad at her mom or (C) would not want to see Aubrey (either one is acceptable as both are incorrect).,0
task385_,5,"Context: Carson had a vacation planned soon and was looking forward to it. 
 Question: How would Carson feel afterwards? 
 Options: (A) happy (B) Anxious (C) excited",A,(B) Anxious,0,"Based on the context passage, Carson is looking forward to a vacation, which typically suggests positive feelings. Therefore, the incorrect answer option regarding how Carson would feel afterwards is:

(B) Anxious",0,"The context passage indicates that Carson is looking forward to a vacation, which suggests positive feelings associated with the anticipation of the trip. 

The question asks how Carson would feel afterwards. Given the options:

(A) happy - This is a likely feeling after a vacation.
(B) Anxious - This does not align with the positive anticipation expressed in the context.
(C) excited - This is also a likely feeling associated with looking forward to a vacation.

Since the question is about how Carson would feel afterwards and the context suggests positive emotions, the incorrect answer option is:

(B) Anxious",0,"Based on the context provided, Carson is looking forward to a vacation, which typically suggests positive feelings. Therefore, the incorrect answer options would be those that imply negative or neutral feelings.

The options are:
(A) happy - This is likely correct as looking forward to a vacation usually makes someone feel happy.
(B) Anxious - This is incorrect as it suggests a negative feeling, which does not align with the context of looking forward to a vacation.
(C) excited - This is likely correct as looking forward to a vacation often makes someone feel excited.

Thus, the incorrect answer option is:
B) Anxious",0
task385_,6,"Context: Addison's sister explained that she really wanted a boyfriend so Addison set her up on a date. 
 Question: How would the family feel as a result? 
 Options: (A) excited for Addison's sister (B) worried for Addison's sister (C) stupid",B,(C) stupid,0,The incorrect answer option from the given choices is (C) stupid.,0,"The context passage indicates that Addison's sister wanted a boyfriend and Addison helped her by setting her up on a date. This suggests a positive action, likely leading to feelings of excitement rather than worry or negative feelings.

Now, let's evaluate the answer options:

(A) excited for Addison's sister - This option aligns with the context, as setting up a date is generally a supportive and positive action.

(B) worried for Addison's sister - This option does not align with the context, as there is no indication of worry; rather, the action taken by Addison seems to be supportive.

(C) stupid - This option is also incorrect as it does not reflect a reasonable emotional response to the situation described.

Among the incorrect options, (B) worried for Addison's sister is the most clearly incorrect based on the context provided.

Therefore, the incorrect answer option is:

B) worried for Addison's sister",1,Output: C) stupid,0
task385_,7,"Context: Jesse wanted to leave the country so Jesse took a plane to france. 
 Question: What will Jesse want to do next? 
 Options: (A) Get a new identity (B) needed to buy a ticket (C) Fly back home",B,(C) Fly back home,0,The incorrect answer option from the given choices based on the context passage and question is (C) Fly back home.,0,"To determine the incorrect answer option, let's analyze the context and the question.

Context: Jesse took a plane to France, indicating that Jesse has already left the country and is now in France.

Question: What will Jesse want to do next?

Now, let's evaluate the answer options:

(A) Get a new identity - This option is not directly related to the context provided. There is no indication that Jesse is seeking a new identity after arriving in France.

(B) needed to buy a ticket - This option is also not relevant because Jesse has already taken a plane to France, implying that Jesse has already bought a ticket.

(C) Fly back home - This option is plausible as it suggests that after arriving in France, Jesse might want to return home.

Based on this analysis, the correct answer option is (C), and the incorrect answer option that we need to select is (A) Get a new identity.

Therefore, the output is:

(A) Get a new identity",0,Output: (B) needed to buy a ticket,1
task385_,8,"Context: Kendall provided food for people who were at the shelter during the ice storm that knocked out many people's electricity. 
 Question: How would Kendall feel afterwards? 
 Options: (A) like he was dumb to spend money (B) like he had done a good job (C) they all had to pay him back",C,(A) like he was dumb to spend money,0,The incorrect answer option from the given choices based on the context passage and question is (C) they all had to pay him back.,1,Option (C) they all had to pay him back,1,Output: (A) like he was dumb to spend money or (C) they all had to pay him back (either one is acceptable as both are incorrect).,0
task385_,9,"Context: Casey went to eat with Cameron's father to get to know him better. 
 Question: Why did Casey do this? 
 Options: (A) be on good terms (B) take him on a date (C) know cameron's father",A,(B) take him on a date,0,The incorrect answer option from the given choices is (B) take him on a date.,0,The incorrect answer option is (B) take him on a date.,0,Output: (B) take him on a date,0
task385_,10,"Context: Sydney met Addison halfway at the stairs to congratulate them on their recent pregnancy. 
 Question: How would Addison feel as a result? 
 Options: (A) loved (B) despised (C) excited and polite",B,(B) despised,1,"Based on the context provided, Addison is being congratulated on a recent pregnancy, which typically evokes positive emotions. Therefore, the incorrect answer option from the given choices is:

(B) despised",1,"The context passage indicates that Sydney met Addison to congratulate them on their recent pregnancy, which suggests a positive interaction. Given this context, we can analyze the answer options:

(A) loved - This option aligns with the positive nature of the interaction, as congratulations typically evoke feelings of love and support.

(B) despised - This option is negative and does not fit the context of a congratulatory meeting, where one would expect positive feelings.

(C) excited and polite - This option also aligns with the context, as someone receiving congratulations for a pregnancy would likely feel excited and respond politely.

Based on this analysis, the incorrect answer option is:

(B) despised",1,Output: B) despised,1
task385_,11,"Context: Sasha got caught playing in the rain, so went inside with their father. 
 Question: Why did Sasha have to go inside? 
 Options: (A) talk to their father (B) come in out of the rain (C) apologize to her father",C,(A) talk to their father,0,The incorrect answer option from the given choices is (A) talk to their father.,0,"The correct answer to the question ""Why did Sasha have to go inside?"" is (B) come in out of the rain, as it directly relates to the context provided. 

Now, evaluating the other options:
(A) talk to their father - This is not mentioned in the context as a reason for going inside.
(C) apologize to her father - There is no indication in the context that Sasha needed to apologize.

Both (A) and (C) are incorrect, but I will select one of them.

Returning one incorrect answer option: (A) talk to their father.",0,Output: A) talk to their father or C) apologize to her father (either one is acceptable as both are incorrect).,0
task385_,12,"Context: Remy spent the whole day at an amusement park and was tired now, but Remy was still happy. 
 Question: What will Remy want to do next? 
 Options: (A) invite his friends to the amusement park (B) get a good night's rest (C) spend more time at the amusement park",C,(A) invite his friends to the amusement park,0,"Based on the context passage, Remy spent the whole day at an amusement park and is now tired but still happy. Given this information, the most likely option for what Remy will want to do next is to get a good night's rest (Option B). 

The incorrect answer option among the choices provided is:

(C) spend more time at the amusement park",1,"To determine the incorrect answer option, let's analyze the context and the question.

Context: Remy spent the whole day at an amusement park and is now tired but still happy. 

Question: What will Remy want to do next?

Now, let's evaluate the answer options:

(A) invite his friends to the amusement park - This option suggests that Remy would want to continue the experience at the amusement park, which seems unlikely since he is tired after spending the whole day there.

(B) get a good night's rest - This option aligns with the fact that Remy is tired, making it a reasonable choice for what he might want to do next.

(C) spend more time at the amusement park - Similar to option (A), this option implies that Remy would want to continue at the amusement park despite being tired, which is also unlikely.

Based on this analysis, options (A) and (C) are both incorrect as they suggest Remy would want to continue at the amusement park despite his tiredness. However, since we need to select only one incorrect answer option, we can choose:

(A) invite his friends to the amusement park

This option is incorrect because it implies an action that is unlikely given Remy's current state of tiredness.",0,Output: (A) invite his friends to the amusement park or (C) spend more time at the amusement park (either one is acceptable as both are incorrect).,0
task385_,13,"Context: Jordan found Jan's keys out in the back yard so he picked it up and gave it to Jan. 
 Question: What will happen to Jan? 
 Options: (A) be able to bake the cake (B) be able to unlock the door (C) be thanked by Jan",C,(A) be able to bake the cake,0,"To identify the incorrect answer option based on the context passage and question, let's analyze the provided information.

**Context:** Jordan found Jan's keys and gave them back to her.

**Question:** What will happen to Jan?

**Options:**
(A) be able to bake the cake  
(B) be able to unlock the door  
(C) be thanked by Jan  

Now, let's evaluate each option:

- **(A) be able to bake the cake:** This option does not directly relate to the context. The passage does not mention anything about baking a cake, so we cannot conclude that Jan will be able to bake a cake just because she got her keys back.

- **(B) be able to unlock the door:** This option is plausible because having her keys back would allow Jan to unlock her door if she needed to.

- **(C) be thanked by Jan:** This option is also plausible as it is reasonable to expect that Jan would thank Jordan for returning her keys.

Based on this analysis, the incorrect answer option is:

**(A) be able to bake the cake**",0,"To determine which answer option is incorrect, let's analyze the context and the question.

The context states that Jordan found Jan's keys and gave them back to her. The question asks what will happen to Jan as a result of receiving her keys.

Now, let's evaluate the answer options:

(A) be able to bake the cake - This option does not directly relate to the context. While having her keys might allow Jan to access her home or kitchen, the context does not mention anything about baking a cake.

(B) be able to unlock the door - This option is plausible because having her keys would allow Jan to unlock her door, which is a direct consequence of receiving her keys.

(C) be thanked by Jan - This option is also plausible as it is reasonable to assume that Jan would thank Jordan for returning her keys.

Based on this analysis, option (A) is the incorrect answer because it does not directly relate to the immediate consequence of Jan receiving her keys.

Therefore, the incorrect answer option is:

(A) be able to bake the cake",0,Output: (A) be able to bake the cake or (B) be able to unlock the door (either one is acceptable as both are incorrect).,0
task385_,14,"Context: Austin was not a very well trained dog, so when Skylar asked for a kiss, Austin bit Skylar's lower lip pretty hard. 
 Question: What will Austin want to do next? 
 Options: (A) play with toys with Skylar (B) hit the dog (C) punish the dog",A,(B) hit the dog,0,"Based on the context provided, Austin is described as not being well trained and has just bitten Skylar. The question asks what Austin will want to do next, and the options are:

(A) play with toys with Skylar  
(B) hit the dog  
(C) punish the dog  

The incorrect answer option is (A) play with toys with Skylar, as it is unlikely that a dog that has just bitten someone would want to engage in play immediately afterward.",1,"The context passage describes a situation where Austin, a poorly trained dog, bites Skylar's lip when asked for a kiss. The question asks what Austin will want to do next. 

Analyzing the options:
(A) play with toys with Skylar - This option suggests a positive interaction, which is unlikely after a biting incident.
(B) hit the dog - This option implies a negative action towards Austin, which is not something Austin would want.
(C) punish the dog - This option also implies a negative consequence for Austin, which he would not desire.

Among these, option (A) is the only one that suggests a potential positive outcome, while options (B) and (C) suggest negative actions. Since the task is to identify one incorrect answer option, I will select:

(B) hit the dog",0,"Based on the context provided, the incorrect answer options are:

(A) play with toys with Skylar  
(B) hit the dog  
(C) punish the dog  

The most likely incorrect answer option is (A) play with toys with Skylar, as the context suggests a negative interaction between Austin and Skylar. 

Output: (A) play with toys with Skylar",1
task385_,15,"Context: Jesse made Remy really happy when they cooked them their favorite lunch. 
 Question: Why did Jesse do this? 
 Options: (A) understand Remy (B) So their friend would have something good (C) know how to cook",C,(A) understand Remy,0,The incorrect answer option from the given choices is (C) know how to cook.,1,"The correct answer option is (B) So their friend would have something good, as it directly relates to Jesse's action of cooking Remy's favorite lunch to make them happy. 

The incorrect answer options are (A) understand Remy and (C) know how to cook. 

Between these two, (C) know how to cook is the more clearly incorrect option, as the context does not indicate that Jesse's motivation was to demonstrate cooking skills. 

Therefore, the incorrect answer option to return is:

(C) know how to cook",1,Output: (A) understand Remy,0
task385_,16,"Context: Jan killed Alex's father because he had been having an affair for years. 
 Question: How would Alex feel after? 
 Options: (A) excited to be free (B) depressed about losing her father (C) happy about what Jan did",C,(A) excited to be free,0,The incorrect answer option from the given choices is (A) excited to be free.,0,"To determine the incorrect answer option, let's analyze the context and the question.

The context states that Jan killed Alex's father due to an affair. This implies a significant emotional impact on Alex, who has lost her father. 

Now, let's evaluate the answer options:

(A) excited to be free - This option suggests that Alex would feel liberated, which is unlikely given the context of losing a parent.

(B) depressed about losing her father - This option aligns with the emotional response one would expect after losing a parent, especially in such a violent manner.

(C) happy about what Jan did - This option implies that Alex would support or feel positive about the act of killing her father, which is also unlikely given the context of familial loss.

Based on this analysis, option (A) ""excited to be free"" is the least likely emotional response for Alex after the death of her father. 

Therefore, the incorrect answer option is:

(A) excited to be free",0,Output: (A) excited to be free or (C) happy about what Jan did (either one is acceptable as both are incorrect).,0
task385_,17,"Context: Skylar took command and changed Austin's name to something embarassing. 
 Question: What will Skylar want to do next? 
 Options: (A) refuse next (B) make fun of Austin (C) annihilate Austin",C,(A) refuse next,0,The incorrect answer option from the given choices based on the context passage and question is (C) annihilate Austin.,1,"To determine the incorrect answer option, let's analyze the context and the options provided.

1. **Context Analysis**: Skylar took command and changed Austin's name to something embarrassing. This suggests that Skylar is in a position of power and is likely to continue to assert that power in a way that is humiliating or mocking towards Austin.

2. **Question Analysis**: The question asks what Skylar will want to do next, which implies a continuation of the behavior exhibited in the context.

3. **Option Evaluation**:
   - (A) **refuse next**: This option does not align with the context, as it suggests Skylar would back down or not take further action, which contradicts the assertive behavior shown in the context.
   - (B) **make fun of Austin**: This option is consistent with the context, as changing Austin's name to something embarrassing is a form of making fun of him.
   - (C) **annihilate Austin**: While this option suggests a more extreme action, it could still be interpreted as a continuation of Skylar's aggressive behavior.

4. **Identifying the Correct Answer**: The correct answer is (B) make fun of Austin, as it directly follows from the context.

5. **Selecting an Incorrect Answer**: Between (A) and (C), option (A) refuse next is the most clearly incorrect, as it suggests a lack of action contrary to the established behavior of Skylar.

Therefore, the incorrect answer option is:

(A) refuse next",0,Output: (A) refuse next or (C) annihilate Austin (either one is acceptable as both are incorrect).,0
task385_,18,"Context: Taylor wanted the patient to feel better so Taylor improved the patients mood. 
 Question: How would Others feel as a result? 
 Options: (A) happy to have helped someone else (B) Glad that Taylor did that for them (C) proud of himself for helping them",C,(C) proud of himself for helping them,1,"To identify the incorrect answer option based on the context passage and question, let's analyze the provided information.

**Context:** Taylor wanted the patient to feel better, so Taylor improved the patient's mood.

**Question:** How would others feel as a result?

**Options:**
(A) happy to have helped someone else  
(B) Glad that Taylor did that for them  
(C) proud of himself for helping them  

Now, let's evaluate each option:

- **(A)** ""happy to have helped someone else"" - This could be a valid feeling for someone who sees Taylor helping the patient.
- **(B)** ""Glad that Taylor did that for them"" - This is also a reasonable response from others who appreciate Taylor's actions.
- **(C)** ""proud of himself for helping them"" - This option implies a personal feeling of pride, which is not about how others feel but rather how Taylor might feel.

Based on this analysis, the incorrect answer option is:

**(C) proud of himself for helping them**",1,"To determine the incorrect answer option, let's analyze the context and the question.

The context states that Taylor improved the patient's mood, which suggests that the patient is feeling better. The question asks how others would feel as a result of this improvement.

Now, let's evaluate the answer options:

(A) happy to have helped someone else - This option implies that others feel good about helping the patient, which is a reasonable response to Taylor's actions.

(B) Glad that Taylor did that for them - This option suggests that others are appreciative of Taylor's efforts, which also makes sense in the context.

(C) proud of himself for helping them - This option implies that the individual (likely Taylor) feels pride in their own actions. However, the question is about how ""others"" feel, not Taylor himself.

Since option (C) does not align with the question about how others feel, it is the incorrect answer.

Therefore, the incorrect answer option is:

(C) proud of himself for helping them",1,Output: C) proud of himself for helping them,1
task385_,19,"Context: Remy saw lust in Jordan's eyes and became alarmed when Jordan started to move towards them. 
 Question: What will Remy want to do next? 
 Options: (A) move to the front of the room (B) reach for their goals (C) move slowly away from Jordan",A,(B) reach for their goals,0,"To identify the incorrect answer option based on the context passage and question, let's analyze the provided information.

**Context:** Remy saw lust in Jordan's eyes and became alarmed when Jordan started to move towards them.

**Question:** What will Remy want to do next?

**Options:**
(A) move to the front of the room  
(B) reach for their goals  
(C) move slowly away from Jordan  

Given the context, Remy is alarmed by Jordan's approach, which suggests that Remy would likely want to distance themselves from Jordan rather than move towards them or focus on goals unrelated to the immediate situation.

- **Option (A)**: ""move to the front of the room"" does not align with Remy's alarm and desire to avoid Jordan.
- **Option (B)**: ""reach for their goals"" is vague and does not directly relate to the immediate concern of Jordan's approach.
- **Option (C)**: ""move slowly away from Jordan"" is a logical response to feeling alarmed.

Based on this analysis, the incorrect answer option is:

**(A) move to the front of the room**.",1,"To determine the incorrect answer option, let's analyze the context and the question.

The context indicates that Remy is alarmed by Jordan's lustful gaze and movement towards them. This suggests that Remy is likely feeling threatened or uncomfortable and would want to distance themselves from Jordan.

Now, let's evaluate the answer options:

(A) move to the front of the room - This option does not align with Remy's likely reaction of wanting to distance themselves from Jordan. Instead, moving to the front of the room could potentially bring them closer to Jordan, which contradicts the context.

(B) reach for their goals - This option is vague and does not directly relate to the immediate situation with Jordan. It does not reflect Remy's reaction to the alarming situation.

(C) move slowly away from Jordan - This option aligns perfectly with the context, as it reflects Remy's desire to distance themselves from the alarming situation.

Based on this analysis, the correct answer is (C), and the incorrect answer option is (A).

Therefore, the output is:

(A) move to the front of the room",1,"Based on the context provided, Remy is alarmed by Jordan's actions, which suggests that Remy would likely want to distance themselves from Jordan. 

The answer options are:
(A) move to the front of the room 
(B) reach for their goals 
(C) move slowly away from Jordan

The incorrect answer options are (A) and (B). 

Output: (A) move to the front of the room or (B) reach for their goals (either one is acceptable as both are incorrect).",1
task385_,20,"Context: casey drove a reliable car so he got to work safely everyday. 
 Question: How would you describe Casey? 
 Options: (A) as odd (B) as normal (C) quite amazed",C,(A) as odd,0,The incorrect answer option from the given choices based on the context passage and question is (C) quite amazed.,1,"The context passage describes Casey as someone who drives a reliable car and gets to work safely every day. This suggests that Casey is responsible and perhaps typical in his behavior. 

Now, let's evaluate the answer options:

(A) as odd - This does not align with the context, as there is nothing in the passage that suggests Casey is odd. 
(B) as normal - This fits well with the context, as driving a reliable car and getting to work safely is a normal behavior.
(C) quite amazed - This does not relate to the context either, as there is no indication that Casey is amazed by anything.

The correct answer option is (B) as normal. 

Now, we need to select one incorrect answer option. Between (A) and (C), both are incorrect, but we can choose one. 

I will select (A) as odd as the incorrect answer option.",0,Output: A) as odd or C) quite amazed (either one is acceptable as both are incorrect).,0
task385_,21,"Context: Aubrey ate the same desert every night before she laid down. 
 Question: How would Aubrey feel afterwards? 
 Options: (A) full (B) get more of her desert (C) likes desert",B,(B) get more of her desert,1,"The incorrect answer option from the given choices is (B) get more of her desert. This option does not directly address how Aubrey would feel afterwards, while the other options (A) full and (C) likes desert relate to her feelings after eating the dessert.",1,"To determine which answer option is incorrect, let's analyze the context and the question.

Context: Aubrey ate the same dessert every night before she laid down.

Question: How would Aubrey feel afterwards?

Now, let's evaluate the answer options:

(A) full - This option suggests that after eating dessert, Aubrey would feel full, which is a reasonable assumption.

(B) get more of her dessert - This option implies that Aubrey would want more dessert after eating it, which does not directly answer how she would feel afterwards.

(C) likes dessert - This option indicates that Aubrey has a positive feeling towards dessert, which could be inferred from her eating it every night.

Based on this analysis, option (B) ""get more of her dessert"" does not directly answer the question of how Aubrey would feel afterwards. Therefore, it is the incorrect answer option.

Output: (B) get more of her dessert",1,Output: (B) get more of her desert,1
task385_,22,"Context: Austin influenced people's ideas. He was very good at this and loved the fact that he could influence people. 
 Question: How would Austin feel afterwards? 
 Options: (A) indifferent (B) capable (C) thank Austin for the help",C,(C) thank Austin for the help,1,"To identify the incorrect answer option based on the context passage and question, let's analyze the provided information.

**Context:** Austin influenced people's ideas. He was very good at this and loved the fact that he could influence people.

**Question:** How would Austin feel afterwards?

**Options:**
(A) indifferent  
(B) capable  
(C) thank Austin for the help  

**Analysis:**
- The context suggests that Austin enjoys influencing people and is good at it. This implies that he likely feels positive about his ability to influence others.
- Option (A) ""indifferent"" suggests a lack of interest or concern, which contradicts the context where Austin loves influencing people.
- Option (B) ""capable"" aligns with the context, as it reflects a positive feeling about his ability.
- Option (C) ""thank Austin for the help"" does not directly relate to how Austin would feel; it implies a response from others rather than Austin's feelings.

Based on this analysis, the incorrect answer option is:

**(A) indifferent**",0,"To determine the incorrect answer option, let's analyze the context and the question.

The context states that Austin was very good at influencing people's ideas and loved the fact that he could do so. This suggests that he likely felt positive and fulfilled about his ability to influence others.

Now, let's evaluate the answer options:

(A) indifferent - This suggests a lack of interest or concern, which contradicts the context where Austin loves influencing people. Therefore, this option is likely incorrect.

(B) capable - This implies that Austin feels competent in his ability to influence others, which aligns with the context that he is good at it. This option seems correct.

(C) thank Austin for the help - This option implies that others would express gratitude towards Austin, which is not directly addressed in the context. However, it does not contradict the positive feelings Austin might have.

Based on this analysis, the incorrect answer option is:

(A) indifferent",0,Output: A) indifferent or C) thank Austin for the help (either one is acceptable as both are incorrect).,0
task385_,23,"Context: Cameron tried to work on commission as a stock broker. They made almost nothing. 
 Question: What will Cameron want to do next? 
 Options: (A) ask for a promotion (B) try something else (C) wanted to get rich",C,(A) ask for a promotion,0,"To identify the incorrect answer option based on the context passage and question, let's analyze the provided information.

**Context:** Cameron tried to work on commission as a stock broker and made almost nothing. 

**Question:** What will Cameron want to do next?

**Options:**
(A) ask for a promotion  
(B) try something else  
(C) wanted to get rich  

Given that Cameron made almost nothing as a stock broker, it is unlikely that they would ask for a promotion (A) since promotions typically come with increased responsibilities and expectations, and Cameron's current situation suggests dissatisfaction with their earnings. 

On the other hand, trying something else (B) seems like a reasonable next step given their lack of success in their current role. Wanting to get rich (C) could also be a motivation, but it does not directly answer what Cameron will want to do next.

Therefore, the incorrect answer option is:

**(A) ask for a promotion**",0,"To determine the incorrect answer option, let's analyze the context and the question.

The context states that Cameron tried to work on commission as a stock broker but made almost nothing. This suggests that Cameron is likely dissatisfied with their current situation and may want to explore other options.

The question asks what Cameron will want to do next. 

Now, let's evaluate the answer options:
(A) ask for a promotion - This option implies that Cameron is seeking to advance in their current role, which seems unlikely given their dissatisfaction with making almost nothing.
(B) try something else - This option aligns with the context, as it suggests that Cameron may want to explore different opportunities after their experience as a stock broker.
(C) wanted to get rich - While this could be a motivation for Cameron, it does not directly answer what they will want to do next.

Based on this analysis, option (A) is the least likely action for Cameron to take given their current dissatisfaction. Therefore, the incorrect answer option is:

(A) ask for a promotion",0,Output: (A) ask for a promotion,0
task385_,24,"Context: Taylor needed new shoes, so he can train for the big race this weekend. 
 Question: How would Taylor feel afterwards? 
 Options: (A) lazy (B) conflicted (C) proud",A,(A) lazy,1,"Based on the context provided, Taylor is preparing for a big race, which suggests he is likely to feel a sense of accomplishment or pride after training. 

The options given are:
(A) lazy 
(B) conflicted 
(C) proud

The incorrect answer option in this context would be (A) lazy, as it does not align with the positive feelings associated with preparing for a race. 

Therefore, the incorrect answer is: **lazy**.",1,"To determine which answer option is incorrect, let's analyze the context and the question.

The context indicates that Taylor needed new shoes to train for an upcoming race. This suggests that he is likely motivated and focused on preparing for the race. 

The question asks how Taylor would feel afterwards, presumably after training with his new shoes. 

Now, let's evaluate the answer options:
(A) lazy - This option implies a lack of motivation or energy, which does not align with the context of Taylor preparing for a race.
(B) conflicted - This option suggests uncertainty or mixed feelings, which is not supported by the context.
(C) proud - This option suggests a positive feeling of accomplishment, which aligns well with the idea of training and preparing for a race.

Given this analysis, the correct answer is likely (C) proud, as it reflects a positive outcome of his training. 

Now, we need to select one incorrect answer option from the remaining choices. 

Between (A) lazy and (B) conflicted, both are incorrect, but we need to choose one. 

I will select option (A) lazy as the incorrect answer option.

Output: (A) lazy",1,Output: A) lazy or B) conflicted (either one is acceptable as both are incorrect).,0
task385_,25,"Context: Carson tore Jesse's eyes away with his brand new red sports car. 
 Question: What does Carson need to do before this? 
 Options: (A) whistle to get attention (B) play loud music (C) drive the car over to Jesse's",A,(A) whistle to get attention,1,"To identify the incorrect answer option based on the context passage and question, let's analyze the provided information.

**Context:** Carson tore Jesse's eyes away with his brand new red sports car.  
**Question:** What does Carson need to do before this?  
**Options:** 
(A) whistle to get attention  
(B) play loud music  
(C) drive the car over to Jesse's  

In the context, Carson is using his car to attract Jesse's attention. The most logical action he would need to take before tearing Jesse's eyes away with the car would be to drive the car over to Jesse's, as this would allow him to be in a position to get Jesse's attention with the car.

Now, let's evaluate the other options:
- (A) Whistling to get attention could be a way to attract Jesse's attention, but it is not directly related to the action of using the car.
- (B) Playing loud music is also a way to get attention, but again, it does not directly involve the car.

Since the question asks what Carson needs to do before tearing Jesse's eyes away with the car, the option that does not logically fit with the context of using the car is:

**Incorrect Answer:** (A) whistle to get attention",1,"To determine the incorrect answer option, let's analyze the context and the question.

The context states that Carson tore Jesse's eyes away with his brand new red sports car, which implies that Carson was trying to get Jesse's attention using the car. The question asks what Carson needs to do before this action.

Now, let's evaluate the answer options:

(A) whistle to get attention - This option suggests that Carson could use a whistle to attract Jesse's attention before showing off the car. This is a plausible action.

(B) play loud music - This option implies that Carson could play loud music to get Jesse's attention. This is also a plausible action.

(C) drive the car over to Jesse's - This option suggests that Carson needs to drive the car to Jesse's location before he can get Jesse's attention with it. However, the context indicates that the car is already being used to draw Jesse's attention, so driving it over may not be necessary.

Based on this analysis, the correct answer option is likely (C) since it implies an action that may not be needed before tearing Jesse's eyes away with the car.

Thus, the incorrect answer option to return is:

(C) drive the car over to Jesse's",0,Output: (A) whistle to get attention or (B) play loud music (either one is acceptable as both are incorrect).,1
task385_,26,"Context: Skylar took a week off from work because they needed a vacation. Skylar decided to go hiking. 
 Question: How would you characterize Skylar? 
 Options: (A) someone who loves hiking (B) unemployed (C) someone who never goes hiking",B,(B) unemployed,1,The incorrect answer option from the given choices is (B) unemployed.,1,"The correct answer option is (A) someone who loves hiking, as Skylar decided to go hiking during their vacation. 

The incorrect answer options are (B) unemployed and (C) someone who never goes hiking. 

Since we need to select one incorrect answer option, I will choose:

(B) unemployed",1,Output: B) unemployed or C) someone who never goes hiking (either one is acceptable as both are incorrect).,1
task385_,27,"Context: Sasha wanted to sneak out of the house but Sasha decided to listen to her mom instead. 
 Question: What will happen to Sasha? 
 Options: (A) be punished for being bad (B) resent sasha (C) be rewarded for being good",A,(B) resent sasha,0,"Based on the context passage, Sasha decided to listen to her mom instead of sneaking out. This suggests that Sasha is likely to be viewed positively by her mom for making the right choice. 

Now, let's analyze the answer options:

(A) be punished for being bad - This option is incorrect because Sasha chose to listen to her mom, which would not lead to punishment.

(B) resent Sasha - This option does not directly relate to the context, as there is no indication that Sasha's mom would resent her for listening.

(C) be rewarded for being good - This option is plausible since Sasha made a good choice by listening to her mom.

Therefore, the incorrect answer option is (A) be punished for being bad.",1,"To determine the incorrect answer option, let's analyze the context and the question.

Context: Sasha wanted to sneak out of the house but decided to listen to her mom instead. This implies that Sasha chose to obey her mom, which suggests a positive outcome in terms of behavior.

Question: What will happen to Sasha?

Now, let's evaluate the answer options:
(A) be punished for being bad - This option suggests a negative consequence for Sasha's behavior, which contradicts the context where she chose to listen to her mom.
(B) resent Sasha - This option implies that someone (likely her mom) would feel resentment towards Sasha, which is not supported by the context.
(C) be rewarded for being good - This option aligns with the context, as listening to her mom could lead to a positive outcome.

Based on this analysis, the correct answer is (C), and the incorrect answer options are (A) and (B). 

Since we need to select one incorrect answer option, I will choose:

(A) be punished for being bad.",1,Output: (A) be punished for being bad or (B) resent Sasha (either one is acceptable as both are incorrect).,1
task385_,28,"Context: Jordan grew crops which he then produced annually after much laboring. 
 Question: Why did Jordan do this? 
 Options: (A) thought the crops would be pretty (B) needed to sell the crops for money (C) eat the crops",C,(A) thought the crops would be pretty,0,The incorrect answer option from the given choices is (A) thought the crops would be pretty.,0,The incorrect answer option is (A) thought the crops would be pretty.,0,Output: A) thought the crops would be pretty,0
task385_,29,"Context: Quinn sent gifts away to the others because it was christmas. 
 Question: How would Others feel as a result? 
 Options: (A) very mad (B) not happy (C) very grateful",A,(A) very mad,1,"Based on the context passage, Quinn sent gifts to others because it was Christmas, which typically suggests a positive gesture. Therefore, the feelings of the others would likely be positive rather than negative. 

The answer options are:
(A) very mad
(B) not happy
(C) very grateful

The incorrect answer option, given the context, would be (A) very mad, as it contradicts the positive nature of receiving gifts during Christmas. 

Thus, the incorrect answer is: **(A) very mad**.",1,"To determine the incorrect answer option, let's analyze the context and the question.

The context states that Quinn sent gifts away to others because it was Christmas. This implies a positive gesture, typically associated with feelings of gratitude and happiness during the holiday season.

The question asks how the ""Others"" would feel as a result of receiving gifts from Quinn. 

Now, let's evaluate the answer options:
(A) very mad - This option suggests a negative reaction, which is unlikely given that gifts are generally appreciated, especially during Christmas.
(B) not happy - This option also suggests a negative reaction, which again seems unlikely in the context of receiving gifts.
(C) very grateful - This option suggests a positive reaction, which aligns with the context of receiving gifts during Christmas.

Since the context implies that receiving gifts would lead to positive feelings, the correct answer is (C) very grateful. 

Now, we need to select one of the two remaining incorrect options. Both (A) very mad and (B) not happy are incorrect, but we need to choose one.

I will select option (A) very mad as the incorrect answer option.

Output: (A) very mad",1,Output: (A) very mad or (B) not happy (either one is acceptable as both are incorrect).,1
task385_,30,"Context: Carson wanted to take Kai on a date but wanted it to be casual. 
 Question: What will Carson want to do next? 
 Options: (A) take kai to an opera (B) be more relaxed (C) ask kai out to dinner",A,(A) take kai to an opera,1,"Based on the context provided, Carson wanted to take Kai on a date but wanted it to be casual. The options given are:

(A) take Kai to an opera  
(B) be more relaxed  
(C) ask Kai out to dinner  

The incorrect answer option is (A) take Kai to an opera, as this suggests a formal setting rather than a casual one.",1,"The context indicates that Carson wants the date with Kai to be casual. 

- Option (A) ""take kai to an opera"" suggests a formal event, which contradicts the desire for a casual date.
- Option (B) ""be more relaxed"" aligns with the intention of keeping the date casual.
- Option (C) ""ask kai out to dinner"" could be casual depending on the setting, but it doesn't inherently contradict the casual nature.

Given this analysis, the incorrect answer option is:

(A) take kai to an opera",1,Output: A) take kai to an opera,1
task385_,31,"Context: Casey read aloud to Sydney to help her fall asleep. 
 Question: What will Sydney want to do next? 
 Options: (A) shut the door (B) go to school next (C) go to sleep next",A,(B) go to school next,0,The incorrect answer option from the given choices is (B) go to school next.,0,"The context indicates that Casey read aloud to Sydney to help her fall asleep, suggesting that Sydney is likely to want to go to sleep next. 

Now, let's evaluate the options:
(A) shut the door - This is not directly related to the context of falling asleep.
(B) go to school next - This is unrelated to the immediate context of bedtime.
(C) go to sleep next - This aligns with the context of helping Sydney fall asleep.

The correct answer is (C), and the two incorrect options are (A) and (B). 

I will select one incorrect answer option to return. 

The incorrect answer option is: (B) go to school next.",0,Output: (A) shut the door or (B) go to school next (either one is acceptable as both are incorrect).,1
task385_,32,"Context: Skylar was generous and gave Tracy an opportunity to prove their worth. 
 Question: How would Tracy feel as a result? 
 Options: (A) eager to prove themselves (B) mad at skylar (C) hoping to fail",B,(B) mad at skylar,1,"Based on the context passage, Skylar's generosity in giving Tracy an opportunity suggests that Tracy would likely feel positive about the situation. 

Now, let's analyze the answer options:

(A) eager to prove themselves - This aligns with the context, as Tracy would likely feel motivated to take advantage of the opportunity.

(B) mad at Skylar - This does not align with the context, as there is no indication that Tracy would feel anger towards Skylar for being generous.

(C) hoping to fail - This also does not align with the context, as it is unlikely that Tracy would hope to fail when given a chance to prove their worth.

Therefore, the incorrect answer option is (B) mad at Skylar.",1,"To determine the incorrect answer option, let's analyze the context and the question.

The context states that Skylar was generous and gave Tracy an opportunity to prove their worth. This implies that Tracy is likely to feel positive emotions about this opportunity, as it suggests trust and support from Skylar.

Now, let's evaluate the answer options:

(A) eager to prove themselves - This option aligns with the context, as Tracy would likely feel motivated and eager to take advantage of the opportunity given by Skylar.

(B) mad at Skylar - This option does not align with the context. Since Skylar is being generous and supportive, it is unlikely that Tracy would feel anger towards Skylar.

(C) hoping to fail - This option also does not align with the context. Given the opportunity to prove their worth, it is unlikely that Tracy would hope to fail.

Based on this analysis, the correct answer option is (A), and the two incorrect options are (B) and (C). 

Since the task is to select one incorrect answer option, I will choose:

(B) mad at skylar",1,Output: B) mad at skylar or C) hoping to fail (either one is acceptable as both are incorrect).,1
task385_,33,"Context: After things had been getting heated for a while, Kendall kissed Quinn's neck. 
 Question: What will Quinn want to do next? 
 Options: (A) take off their clothes (B) force themselves on Kendall (C) going on",B,(B) force themselves on Kendall,1,"Based on the context provided, the most likely incorrect answer option is (B) force themselves on Kendall. The context suggests a moment of intimacy, and forcing oneself on someone does not align with a consensual or romantic interaction.",1,"The correct answer option is likely (A) take off their clothes, as it suggests a mutual desire for intimacy following the kiss. 

Option (B) force themselves on Kendall is incorrect because it implies a lack of consent and aggression, which is not indicated in the context. 

Option (C) going on is vague and does not directly relate to the immediate actions following the kiss.

Therefore, the incorrect answer option to return is:

(B) force themselves on Kendall",1,Output: (B) force themselves on Kendall,1
task385_,34,"Context: Jan opened a store with specialty goods. 
 Question: How would Jan feel afterwards? 
 Options: (A) an entrepreneur (B) Accomplished (C) Lazy",C,(C) Lazy,1,"Based on the context provided, Jan opened a store with specialty goods, which suggests a sense of achievement and effort. Therefore, the most likely feelings afterwards would be related to accomplishment. 

The options are:
(A) an entrepreneur - This describes Jan's role but does not directly indicate a feeling.
(B) Accomplished - This indicates a positive feeling of success after opening the store.
(C) Lazy - This suggests a lack of motivation or effort, which contradicts the context of opening a store.

The incorrect answer option is (C) Lazy.",1,"The context passage indicates that Jan opened a store with specialty goods, which suggests a sense of initiative and effort. The question asks how Jan would feel afterwards, and the options provided are (A) an entrepreneur, (B) Accomplished, and (C) Lazy.

Analyzing the options:
- (A) an entrepreneur: This is a neutral descriptor and does not directly indicate a feeling.
- (B) Accomplished: This suggests a positive feeling that aligns with the effort of opening a store.
- (C) Lazy: This implies a negative feeling and is inconsistent with the context of having taken the initiative to open a store.

Given this analysis, the incorrect answer option is (C) Lazy.",1,Output: (C) Lazy,1
task385_,35,"Context: Kai needed a ride home from the bar. Robin took Kai home. 
 Question: How would Robin feel afterwards? 
 Options: (A) needed (B) useless (C) happy they are home",B,(B) useless,1,"Based on the context provided, the most likely incorrect answer option is (B) useless. 

Robin took Kai home, which suggests a positive action, and it is reasonable to assume that Robin would feel happy about helping Kai get home safely. Therefore, ""useless"" does not align with the context.",1,"To determine the incorrect answer option, let's analyze the context and the options provided.

1. **Context Analysis**: The passage states that Kai needed a ride home from the bar and that Robin took Kai home. This implies that Robin helped Kai by providing a ride.

2. **Question Analysis**: The question asks how Robin would feel afterwards. Given that Robin provided assistance, it is likely that Robin would feel positively about helping.

3. **Option Evaluation**:
   - (A) needed: This option suggests that Robin felt a sense of need, which does not directly relate to the context of helping someone get home.
   - (B) useless: This option implies a negative feeling, which is unlikely since Robin helped Kai.
   - (C) happy they are home: This option suggests a positive feeling, which aligns with the context of helping someone.

4. **Identifying the Correct Answer**: The correct answer is (C) happy they are home, as it reflects a positive outcome of Robin's action.

5. **Selecting an Incorrect Answer**: The two remaining options are (A) needed and (B) useless. Both are incorrect, but we need to select one. 

I will choose option (B) useless as the incorrect answer, as it conveys a negative sentiment that does not fit the context of Robin's helpful action.

**Output**: (B) useless",1,Output: (B) useless,1
task385_,36,"Context: Carson and their three buddies lived together but after Carson stole from the landlord, Carson was evicted from their apartment leaving the others still there. 
 Question: How would Others feel as a result? 
 Options: (A) a thief (B) pity for Carson (C) a horrible person",C,(A) a thief,0,"To identify the incorrect answer option based on the context passage and question, let's analyze the options:

1. **(A) a thief** - This option suggests that the others would feel like a thief, which doesn't align with the context. The others are not the ones who stole; Carson is the thief.

2. **(B) pity for Carson** - This option is plausible. The others might feel pity for Carson after being evicted.

3. **(C) a horrible person** - This option could also be a feeling the others might have towards Carson for stealing, but it doesn't directly reflect their feelings about themselves.

Based on this analysis, the incorrect answer option is:

**(A) a thief**",0,"To determine the incorrect answer option, let's analyze the context and the question.

The context states that Carson was evicted for stealing from the landlord, which implies that the other roommates (the ""others"") might have mixed feelings about Carson's actions. The question asks how the others would feel as a result of Carson's eviction.

Now, let's evaluate the answer options:

(A) a thief - This option suggests that the others would feel like a thief, which doesn't logically follow from the context. The others are not the ones who stole; Carson is the thief.

(B) pity for Carson - This option suggests that the others might feel sympathy for Carson, which is a reasonable emotional response given that they lived together and might feel bad about Carson's situation.

(C) a horrible person - This option implies that the others would view Carson as a horrible person due to the theft, which is also a plausible reaction.

Based on this analysis, option (A) ""a thief"" is the incorrect answer option, as it does not accurately reflect how the others would feel in response to Carson's actions.

Therefore, the incorrect answer option is:

(A) a thief",0,Output: (A) a thief or (C) a horrible person (either one is acceptable as both are incorrect in the context of how the others would feel).,0
task385_,37,"Context: Robin has big goals. They achieved progress in life. 
 Question: Why did Robin do this? 
 Options: (A) wanted to be somebody (B) blames other people (C) thank a friend",B,(B) blames other people,1,The incorrect answer option from the given choices is (B) blames other people.,1,The incorrect answer option is (B) blames other people.,1,Output: B) blames other people or C) thank a friend (either one is acceptable as both are incorrect).,1
task385_,38,"Context: Sasha wanted to become a scientist but was concerned that they would not make the grades so they got a tutor to help and ended up spendig a bunch of money studying. 
 Question: What does Sasha need to do before this? 
 Options: (A) needed to pick the wrong course (B) needed to save up money (C) doesn't want to fail",C,(A) needed to pick the wrong course,0,The incorrect answer option from the given choices based on the context passage and question is: (A) needed to pick the wrong course.,0,The incorrect answer option is (A) needed to pick the wrong course.,0,The incorrect answer option from the given choices is: (A) needed to pick the wrong course.,0
task385_,39,"Context: Ash bought Jordan a diamond necklace from the store. Ash took Jordan's breath away. 
 Question: What will happen to Jordan? 
 Options: (A) refuse it (B) be thanked (C) wear it",A,(A) refuse it,1,"Based on the context provided, the most likely outcome for Jordan after receiving a diamond necklace from Ash is that Jordan will be thankful or wear it. 

However, the option that does not logically follow from the context is (A) refuse it. Therefore, the incorrect answer option is:

(A) refuse it",1,"To determine the incorrect answer option, let's analyze the context and the question.

The context states that Ash bought Jordan a diamond necklace and that it took Jordan's breath away. This implies that Jordan had a strong positive reaction to the necklace, suggesting that Jordan would likely appreciate it.

Now, let's evaluate the answer options:

(A) refuse it - This option suggests that Jordan would not accept the necklace, which contradicts the implication that the necklace took Jordan's breath away. Therefore, this option is likely incorrect.

(B) be thanked - This option suggests that Jordan would express gratitude, which is a reasonable response to receiving a gift, especially one that is impactful like a diamond necklace.

(C) wear it - This option suggests that Jordan would wear the necklace, which is also a likely response given the context of receiving a beautiful gift.

Based on this analysis, the option that does not align with the context is (A) refuse it.

Thus, the incorrect answer option is:

(A) refuse it",1,Output: (A) refuse it,1
task385_,40,"Context: Riley couldn't help but notice Sydney and so she made fun of Sydney every day. 
 Question: How would you describe Riley? 
 Options: (A) regretful of her decision (B) a very jealous person (C) polite and gentle",C,(C) polite and gentle,1,"Based on the context provided, the incorrect answer option is (C) polite and gentle. Riley is making fun of Sydney every day, which indicates a lack of politeness and gentleness.",1,"To determine which answer option is incorrect, let's analyze the context and the options provided.

1. **Context Analysis**: The passage states that Riley made fun of Sydney every day, which suggests that Riley is not behaving in a kind or respectful manner. This behavior could indicate jealousy or a lack of empathy, but it does not imply that she feels regret or is polite and gentle.

2. **Question Review**: The question asks how to describe Riley based on her actions towards Sydney.

3. **Option Evaluation**:
   - (A) **regretful of her decision**: There is no indication in the context that Riley feels regret about her actions. In fact, making fun of someone daily suggests a lack of remorse.
   - (B) **a very jealous person**: This could be a plausible description, as making fun of someone can stem from jealousy.
   - (C) **polite and gentle**: This is clearly incorrect, as making fun of someone is the opposite of being polite and gentle.

4. **Correct Answer Identification**: The correct answer that describes Riley based on the context is likely (B) a very jealous person.

5. **Selecting an Incorrect Option**: Since we need to select one incorrect answer option, we can choose either (A) or (C). However, (C) is more clearly incorrect based on the context.

Therefore, the incorrect answer option is:

(C) polite and gentle",1,Output: (A) regretful of her decision or (C) polite and gentle (either one is acceptable as both are incorrect).,0
task385_,41,"Context: Bailey told the time wrong so people would be late. 
 Question: What will Bailey want to do next? 
 Options: (A) think up the wrong time (B) take advantage of her dishonesty (C) check the right time",C,(C) check the right time,1,"To identify the incorrect answer option based on the context passage and question, let's analyze the provided information.

**Context:** Bailey told the time wrong so people would be late.  
**Question:** What will Bailey want to do next?  
**Options:** 
(A) think up the wrong time  
(B) take advantage of her dishonesty  
(C) check the right time  

Now, let's evaluate the options:

- **(A) think up the wrong time**: This option suggests that Bailey would continue to deceive people about the time, which aligns with her previous action of telling the wrong time.
  
- **(B) take advantage of her dishonesty**: This option implies that Bailey might exploit the situation created by her dishonesty, which is also plausible given her initial action.

- **(C) check the right time**: This option suggests that Bailey would want to verify the correct time, which contradicts her previous action of intentionally misleading people.

Based on this analysis, the incorrect answer option is:

**(C) check the right time**",1,"The correct answer option is (A) think up the wrong time, as it aligns with Bailey's previous actions of misleading people about the time. 

The incorrect answer option is (C) check the right time, as this would contradict Bailey's intention to mislead others. 

Therefore, the selected incorrect answer option is:

(C) check the right time",1,Output: C) check the right time,1
task385_,42,"Context: Taylor said that Bailey would go with her to a concert. 
 Question: What will Taylor want to do next? 
 Options: (A) give Bailey a call (B) stay at home (C) take a nap",B,(B) stay at home,1,"Based on the context passage, Taylor expressed a desire for Bailey to accompany her to a concert. The question asks what Taylor will want to do next. 

The options are:
(A) give Bailey a call 
(B) stay at home 
(C) take a nap

The incorrect answer option is (B) stay at home, as it contradicts the intention of going to a concert with Bailey.",1,"To determine the incorrect answer option, let's analyze the context and the question.

Context: Taylor mentioned that Bailey would accompany her to a concert. This implies that Taylor is planning to go out and do something fun, specifically attending a concert with Bailey.

Question: What will Taylor want to do next? 

Now, let's evaluate the answer options:
(A) give Bailey a call - This could be a reasonable next step if Taylor wants to confirm plans or discuss details about the concert.
(B) stay at home - This option contradicts the context since Taylor is planning to go to a concert, which suggests she would not want to stay at home.
(C) take a nap - While this is a possibility, it does not directly relate to the context of going to a concert. However, it is not as directly contradictory as option (B).

Based on this analysis, the option that is clearly incorrect in the context of Taylor's plans is:

(B) stay at home",1,Output: (B) stay at home or (C) take a nap (either one is acceptable as both are incorrect).,1
task385_,43,"Context: Jan helped Cameron's family move into their new home. 
 Question: What will Jan want to do next? 
 Options: (A) help move their stuff (B) wanted to be kind (C) ask for payment",B,(C) ask for payment,0,The incorrect answer option from the given choices based on the context passage and question is (C) ask for payment.,0,"To determine the incorrect answer option, let's analyze the context and the question.

Context: Jan helped Cameron's family move into their new home. 
Question: What will Jan want to do next? 

Now, let's evaluate the answer options:

(A) help move their stuff - This option suggests that Jan may want to continue helping, which aligns with the context of being helpful.

(B) wanted to be kind - This option implies that Jan's motivation for helping was kindness, which is a reasonable assumption based on the context.

(C) ask for payment - This option suggests that Jan would want to ask for payment after helping, which is not consistent with the context of helping someone move, as it typically implies a voluntary act of kindness rather than a paid service.

Based on this analysis, the correct answer option is likely (A) or (B), while (C) is inconsistent with the context.

Therefore, the incorrect answer option is:

(C) ask for payment",0,Output: (C) ask for payment,0
task385_,44,"Context: Casey asked Jesse to consult on their business plan.  Jesse increased Casey's profits. 
 Question: What is Casey likely to do in the future? 
 Options: (A) keep working (B) Ask Jesse for more business advice (C) work hard",C,(A) keep working,0,"Based on the context provided, the most likely incorrect answer option is (C) work hard. While working hard is generally a positive trait, the context specifically mentions that Jesse increased Casey's profits, which suggests that Casey may be inclined to seek more advice from Jesse rather than just working hard. Therefore, (C) does not directly relate to the context of seeking further assistance.",1,"The context indicates that Jesse helped Casey increase profits, suggesting a positive outcome from their collaboration. The question asks what Casey is likely to do in the future.

- Option (A) ""keep working"" is a general statement and does not directly relate to the context of seeking advice or collaboration.
- Option (B) ""Ask Jesse for more business advice"" is a logical conclusion based on the positive impact Jesse had on Casey's profits.
- Option (C) ""work hard"" is also a general statement and does not specifically connect to the context of seeking advice.

Since the question is about what Casey is likely to do in the future based on the context, the most relevant incorrect answer option is:

(A) keep working",0,Output: (A) keep working or (C) work hard (either one is acceptable as both are incorrect).,0
task385_,45,"Context: Robin gave their friend a decent haircut and they enjoyed it a lot. 
 Question: What will Robin want to do next? 
 Options: (A) keep cutting hair (B) get more haircuts from Robin (C) retire from their work",B,(C) retire from their work,0,The incorrect answer option from the given choices based on the context passage and question is (C) retire from their work.,0,"The context indicates that Robin gave their friend a decent haircut, and the friend enjoyed it. This suggests that Robin may want to continue cutting hair, as they have had a positive experience. 

Now, let's evaluate the options:
(A) keep cutting hair - This is a likely next step for Robin, given the positive feedback.
(B) get more haircuts from Robin - This option implies that Robin's friend wants more haircuts, which is also plausible.
(C) retire from their work - This option seems unlikely, as there is no indication in the context that Robin would want to stop cutting hair after a successful experience.

Based on this analysis, the incorrect answer option is:
(C) retire from their work",0,Output: (C) retire from their work,0
task385_,46,"Context: Kai protected everyone's rights when he stood up for them at the protest. 
 Question: How would Kai feel afterwards? 
 Options: (A) cowardly (B) strong (C) weak",C,(A) cowardly,0,"Based on the context provided, Kai stood up for everyone's rights at the protest, which suggests he acted bravely and with conviction. Therefore, the most likely feelings he would have afterwards would be positive, such as feeling strong. 

The incorrect answer option from the given choices would be (A) cowardly, as it contradicts the action of standing up for rights, which is typically associated with courage rather than cowardice. 

Thus, the incorrect answer is: (A) cowardly.",0,"To determine which answer option is incorrect, let's analyze the context and the question.

The context states that Kai protected everyone's rights by standing up for them at a protest. This suggests that he took a brave and commendable action, which would likely lead to feelings of strength and empowerment.

The question asks how Kai would feel afterwards. 

Now, let's evaluate the answer options:
(A) cowardly - This implies a feeling of shame or fear, which contradicts the context of Kai's brave action.
(B) strong - This aligns with the idea that standing up for others would make him feel empowered and confident.
(C) weak - This suggests a feeling of vulnerability or defeat, which also contradicts the context of his protective action.

Based on this analysis, the incorrect answer option is (A) cowardly.",0,Output: A) cowardly or C) weak (either one is acceptable as both are incorrect).,0
task385_,47,"Context: Taylor cut Casey's arm on accident when they were playing. 
 Question: What will Casey want to do next? 
 Options: (A) be reckless (B) get a bandage next (C) go swimming next",C,(A) be reckless,0,"Based on the context provided, the most likely incorrect answer option is (A) be reckless. After getting hurt, Casey would likely want to take care of the injury, which aligns more with options (B) get a bandage next or (C) go swimming next, although going swimming might not be advisable immediately after an injury. Therefore, the incorrect answer is:

(A) be reckless.",0,"To determine the incorrect answer option, let's analyze the context and the question.

The context states that Taylor accidentally cut Casey's arm while they were playing. This implies that Casey may be in need of care for the injury.

The question asks what Casey will want to do next. Given the context, it is reasonable to assume that Casey would want to address the injury.

Now, let's evaluate the answer options:
(A) be reckless - This option does not align with the context, as it is unlikely that someone who has just been injured would want to act recklessly.
(B) get a bandage next - This option makes sense, as Casey would likely want to take care of the cut on their arm.
(C) go swimming next - This option is also unlikely, as swimming with an injury may not be advisable.

Based on this analysis, the correct answer is (B) get a bandage next. The incorrect options are (A) be reckless and (C) go swimming next. 

Since we need to select one incorrect answer option, I will choose:

(A) be reckless",0,Output: (A) be reckless or (C) go swimming next (either one is acceptable as both are incorrect).,0
task385_,48,"Context: Lee opened the lid. 
 Question: How would you describe Lee? 
 Options: (A) lazy (B) unable to do things for themselves (C) capable",A,(A) lazy,1,"Based on the context passage ""Lee opened the lid,"" the most appropriate description of Lee would be (C) capable, as opening a lid suggests that Lee is able to perform tasks. 

The incorrect answer options would be:
(A) lazy - which implies a lack of effort or willingness to act, and (B) unable to do things for themselves - which suggests incapacity. Both of these do not align with the action of opening a lid.

Therefore, the incorrect answer option is (A) lazy.",1,"The context passage provides minimal information about Lee, only indicating that Lee opened a lid. This action suggests that Lee is capable of performing tasks. 

Now, let's evaluate the answer options:
(A) lazy - This implies a lack of effort or willingness to act, which contradicts the action of opening a lid.
(B) unable to do things for themselves - This suggests a lack of capability, which also contradicts the action of opening a lid.
(C) capable - This aligns with the action of opening a lid, indicating that Lee can perform tasks.

The correct answer is (C) capable. 

Now, we need to select one incorrect answer option from the remaining two:
- (A) lazy
- (B) unable to do things for themselves

Both (A) and (B) are incorrect, but we need to select one. 

I will choose (A) lazy as the incorrect answer option.

Output: (A) lazy",1,Output: A) lazy or B) unable to do things for themselves (either one is acceptable as both are incorrect).,1
task385_,49,"Context: Bailey, who was usually bullied, was surprised when Austin showed kindness instead. 
 Question: How would Austin feel afterwards? 
 Options: (A) relieved (B) annoyed (C) kind",A,(B) annoyed,0,"To identify the incorrect answer option from the given choices based on the context passage and question, let's analyze the information provided.

Context: Bailey, who was usually bullied, was surprised when Austin showed kindness instead.
Question: How would Austin feel afterwards?
Options: (A) relieved (B) annoyed (C) kind

- Option (A) ""relieved"" could be a possible feeling for Austin after showing kindness.
- Option (B) ""annoyed"" seems unlikely, as showing kindness typically does not lead to annoyance.
- Option (C) ""kind"" is also a possible feeling for Austin after his act of kindness.

Based on this analysis, the incorrect answer option is (B) annoyed.",0,"To determine the incorrect answer option, let's analyze the context and the question.

The context states that Bailey, who was usually bullied, experienced kindness from Austin, which is a surprising change for Bailey. The question asks how Austin would feel afterwards.

Now, let's evaluate the answer options:

(A) relieved - This could be a possible feeling for Austin after showing kindness, as he might feel good about his actions.

(B) annoyed - This seems unlikely because showing kindness typically does not lead to feelings of annoyance. If Austin was kind, he would likely feel positive rather than annoyed.

(C) kind - This is a direct reflection of Austin's action of showing kindness, so it is likely that he would feel kind afterwards.

Based on this analysis, the correct answer is likely (A) or (C), while (B) is the least fitting response.

Therefore, the incorrect answer option is:

(B) annoyed",0,Output: (B) annoyed,0
task385_,50,"Context: Jesse thanked Bailey's boss for Bailey's support even though Bailey hardly did any of the work. 
 Question: How would Bailey feel as a result? 
 Options: (A) vindicated (B) hateful (C) grateful",A,(B) hateful,0,"Based on the context provided, Bailey hardly did any of the work but is being thanked for support. This situation would likely lead to feelings of resentment or frustration rather than positive emotions. 

- (A) vindicated: This implies that Bailey feels justified or has been proven right, which doesn't align with the context.
- (B) hateful: This could be a possible feeling, but it is more extreme.
- (C) grateful: This is unlikely since Bailey did not contribute much.

Therefore, the incorrect answer option is (C) grateful.",0,"To determine which answer option is incorrect, let's analyze the context and the question.

The context indicates that Jesse thanked Bailey's boss for Bailey's support, despite the fact that Bailey hardly contributed to the work. This suggests that Bailey may not feel appreciated or valued, as they did not actually do much work but are being recognized for it.

Now, let's evaluate the answer options:

(A) vindicated - This implies that Bailey feels justified or cleared of blame, which does not align with the context since Bailey did not contribute much.

(B) hateful - This suggests that Bailey feels resentment or anger, which could be a possible reaction given the situation.

(C) grateful - This implies that Bailey feels thankful, which is unlikely since they did not do much work and are not being recognized for their own efforts.

Based on this analysis, the answer option that does not fit the context is:

(A) vindicated",1,"Based on the context provided, Bailey hardly did any of the work, which suggests that Bailey would not feel grateful for the thanks given. Therefore, the incorrect answer options are:

(A) vindicated and (C) grateful.

You can choose either one as the output. I will select:

C) grateful.",0
